{"cameraMode":{"drawMode":0,"name":"Shaded","section":"Shading Mode"},"sceneLighting":true,"audioPlay":false,"sceneViewState":{"m_AlwaysRefresh":false,"showFog":true,"showSkybox":true,"showFlares":true,"showImageEffects":true,"showParticleSystems":true,"showVisualEffectGraphs":true,"m_FxEnabled":true},"in2DMode":false,"pivot":{"x":1.1165058612823487,"y":1.9446669816970826,"z":5.174407958984375},"rotation":{"x":0.19617992639541627,"y":-0.5202445983886719,"z":0.12417825311422348,"w":0.8218837380409241},"size":0.5801533460617065,"orthographic":false}